城市,区县,乡镇,行政村,long,lat
上海市,闵行区,莘庄镇,莘北村,121.366895,31.115194
上海市,闵行区,莘庄镇,青春村,121.372259,31.104225
上海市,闵行区,七宝镇,七宝村,121.352447,31.144215
上海市,闵行区,莘庄镇,莘东村,121.398211,31.121523
上海市,闵行区,七宝镇,中华村,121.354411,31.139659
上海市,闵行区,七宝镇,九星村,121.379782,31.155576
上海市,闵行区,七宝镇,联明村,121.349886,31.145774
上海市,闵行区,七宝镇,沪星村,121.335178,31.168398
上海市,闵行区,七宝镇,友谊村,121.362398,31.145851
上海市,闵行区,七宝镇,新龙村,121.351389,31.169687
上海市,闵行区,七宝镇,红明村,121.377297,31.165038
上海市,闵行区,华漕镇,许浦村,121.344134,31.230792
上海市,闵行区,华漕镇,杨家巷村,121.30972,31.232262
上海市,闵行区,华漕镇,华漕村,121.328149,31.230007
上海市,闵行区,华漕镇,诸翟村,121.300924,31.212065
上海市,闵行区,华漕镇,王泥浜村,121.320055,31.23197
上海市,闵行区,华漕镇,石皮弄村,121.273517,31.211024
上海市,闵行区,华漕镇,朱家泾村,121.290744,31.223573
上海市,闵行区,华漕镇,肖王庙村,121.284718,31.215447
上海市,闵行区,华漕镇,陈家角村,121.294218,31.227536
上海市,闵行区,华漕镇,红卫村,121.284841,31.233788
上海市,闵行区,华漕镇,纪王村,121.275372,31.247138
上海市,闵行区,华漕镇,纪西村,121.268315,31.240544
上海市,闵行区,华漕镇,纪东村,121.28414,31.251881
上海市,闵行区,华漕镇,赵家村,121.266859,31.253805
上海市,闵行区,华漕镇,鹫山村,121.256897,31.248703
上海市,闵行区,华漕镇,卫星村,121.275832,31.234651
上海市,闵行区,虹桥镇,虹二村,121.409983,31.191341
上海市,闵行区,梅陇镇,集心忖,121.420425,31.12084
上海市,闵行区,梅陇镇,曹行村,121.447841,31.09794
上海市,闵行区,颛桥镇,集体村,121.404814,31.062985
上海市,闵行区,颛桥镇,光明村,121.431273,31.052483
上海市,闵行区,颛桥镇,向阳村,121.426013,31.074514
上海市,闵行区,颛桥镇,光辉村,121.42278,31.086258
上海市,闵行区,马桥镇,旗忠村,121.355274,31.063871
上海市,闵行区,马桥镇,元祥居委,121.383517,31.043283
上海市,闵行区,浦江镇,永丰村,121.508002,31.015908
上海市,闵行区,浦江镇,北徐村,121.539342,31.042431
上海市,闵行区,浦江镇,新风村,121.555877,31.04525
上海市,闵行区,浦江镇,汇东村,121.571235,31.024527
上海市,闵行区,浦江镇,汇红村,121.550605,31.025198
上海市,闵行区,浦江镇,汇南村,121.567101,31.010828
上海市,闵行区,虹桥镇,万源新城,121.391194,31.176682
上海市,闵行区,浦江镇,光继村,121.540926,31.008689
上海市,闵行区,浦江镇,联星村,121.557371,31.100093
上海市,闵行区,浦江镇,镇北村,121.55165,31.088693
上海市,闵行区,浦江镇,联胜村,121.547323,31.081101
上海市,闵行区,浦江镇,革新村,121.562029,31.084329
上海市,闵行区,浦江镇,万里村,121.548011,31.08179
上海市,闵行区,浦江镇,群益村,121.530893,31.080207
上海市,闵行区,浦江镇,胜利村,121.554349,31.069377
上海市,闵行区,浦江镇,立民村,121.564136,31.108995
上海市,闵行区,浦江镇,建岗村,121.53449,31.063454
上海市,闵行区,浦江镇,勤劳村,121.536438,31.10495
上海市,闵行区,浦江镇,东风村,121.551063,31.108868
上海市,闵行区,浦江镇,苏民村,121.539136,31.114785
上海市,闵行区,吴泾镇,塘湾村,121.449029,31.061646
上海市,闵行区,新虹街道,新家弄村,121.308885,31.217417
上海市,宝山区,罗南镇,张士村,121.336957,31.395783
上海市,宝山区,杨行镇,杨东村,121.470165,31.392557
上海市,宝山区,杨行镇,三汀沟村,121.471191,31.37457
上海市,宝山区,罗南镇,南周村,121.341582,31.387562
上海市,嘉定区,南翔镇,南翔镇,121.327057,31.300679
上海市,嘉定区,南翔镇,人民村,121.259894,31.848586
上海市,嘉定区,南翔镇,广裕村,121.327057,31.300679
上海市,嘉定区,南翔镇,新丰村,121.308205,31.32674
上海市,嘉定区,南翔镇,勤耕村,121.309219,31.333017
上海市,嘉定区,南翔镇,华丰村,121.319279,31.310891
上海市,嘉定区,南翔镇,红翔村,121.320939,31.290819
上海市,嘉定区,安亭镇,顾垒村,121.218567,31.331597
上海市,嘉定区,安亭镇,星光村,121.242862,31.30724
上海市,嘉定区,南翔镇,翔二村,121.371066,31.251335
上海市,嘉定区,安亭镇,向阳村,121.144082,31.31
上海市,嘉定区,安亭镇,林家村,121.171482,31.301452
上海市,嘉定区,安亭镇,方泰村,121.215001,31.321415
上海市,嘉定区,安亭镇,赵巷村,121.230448,31.310968
上海市,嘉定区,安亭镇,先锋村,121.221442,31.310376
上海市,嘉定区,安亭镇,星明村,121.248667,31.314236
上海市,嘉定区,安亭镇,双浦村,121.157305,31.313544
上海市,嘉定区,安亭镇,塔庙村,121.192049,31.308107
上海市,嘉定区,安亭镇,前进村,121.179778,31.327101
上海市,嘉定区,安亭镇,火炬村,121.157182,31.327206
上海市,嘉定区,安亭镇,陆象村,121.205983,31.321639
上海市,嘉定区,安亭镇,朱泾村,121.227926,31.324628
上海市,嘉定区,安亭镇,吕浦村,121.168509,31.287126
上海市,嘉定区,安亭镇,兰塘村,121.155074,31.307521
上海市,嘉定区,安亭镇,新泾村,121.173417,31.321835
上海市,嘉定区,安亭镇,漳浦村,121.24161,31.34274
上海市,嘉定区,安亭镇,光明村,121.269027,31.314686
上海市,嘉定区,马陆镇,彭赵村,121.29091,31.35298
上海市,嘉定区,马陆镇,新联村,121.280303,31.36812
上海市,嘉定区,马陆镇,包桥村,121.302487,31.344397
上海市,嘉定区,马陆镇,北管村,121.329786,31.341297
上海市,嘉定区,马陆镇,仓场村,121.282711,31.367376
上海市,嘉定区,马陆镇,戬浜村,121.311544,31.374733
上海市,嘉定区,马陆镇,大裕村,121.322534,31.387594
上海市,嘉定区,马陆镇,大宏村,121.311544,31.374744
上海市,嘉定区,马陆镇,陈村村,121.335398,31.359151
上海市,嘉定区,马陆镇,立新村,121.291805,31.38364
上海市,嘉定区,马陆镇,陆家社区,121.288698,31.326277
上海市,嘉定区,马陆镇,马东园区,121.290123,31.339173
上海市,嘉定区,马陆镇,众芳社区,121.265091,31.358392
上海市,嘉定区,马陆镇,马陆社区,121.284151,31.332521
上海市,嘉定区,马陆镇,石冈社区,121.28907,31.346318
上海市,嘉定区,新成路街道,新成村,121.278898,31.400564
上海市,嘉定区,徐行镇,徐行村,121.280897,31.425088
上海市,嘉定区,徐行镇,徐行新民,121.280897,31.425088
上海市,嘉定区,徐行镇,范桥村,121.294521,31.416349
上海市,嘉定区,外冈镇,周泾村,121.161193,31.343643
上海市,奉贤区,奉城镇,塘外村,121.262235,31.424972
上海市,嘉定区,外冈镇,望新村,121.155852,31.350912
上海市,嘉定区,外冈镇,杨甸村,121.177824,31.340198
上海市,嘉定区,外冈镇,泉泾村,121.135841,31.373435
上海市,嘉定区,外冈镇,马门村,121.168067,31.359601
上海市,嘉定区,外冈镇,中泾村,121.136644,31.356797
上海市,嘉定区,外冈镇,巨门村,121.156178,31.367034
上海市,嘉定区,外冈镇,古塘村,121.125503,31.366609
上海市,嘉定区,外冈镇,长泾村,121.17007,31.349904
上海市,嘉定区,外冈镇,甘柏村,121.170014,31.395376
上海市,嘉定区,外冈镇,葛隆村,121.157231,31.395612
上海市,嘉定区,外冈镇,施晋村,121.157262,31.38392
上海市,嘉定区,外冈镇,外冈村,121.179112,31.364335
上海市,嘉定区,外冈镇,大陆村,121.196682,31.377815
上海市,嘉定区,外冈镇,管家村,121.169826,31.376571
上海市,嘉定区,外冈镇,北龚村,121.176321,31.392797
上海市,嘉定区,外冈镇,岗峰村,121.191951,31.360098
上海市,嘉定区,安亭镇黄渡,朱家村,121.222911,31.274678
上海市,嘉定区,安亭镇黄渡,许家村,121.230919,31.271546
上海市,嘉定区,安亭镇黄渡,泥岗村,121.207587,31.26887
上海市,嘉定区,安亭镇黄渡,邓家角村,121.206101,31.26375
上海市,嘉定区,安亭镇黄渡,钱家村,121.222737,31.268706
上海市,青浦区,白鹤镇,南巷村,121.2163,31.273716
上海市,嘉定区,安亭镇黄渡,顾家村,121.223866,31.275632
上海市,嘉定区,安亭镇黄渡,黄沈村,121.225789,31.282956
上海市,嘉定区,安亭镇黄渡,联群村,121.252876,31.282314
上海市,嘉定区,安亭镇黄渡,星塔村,121.244609,31.294885
上海市,嘉定区,安亭镇黄渡,横河村,121.220093,31.276842
上海市,嘉定区,安亭镇黄渡,老宅村,121.231938,31.293174
上海市,嘉定区,安亭镇黄渡,联星村,121.267908,31.274131
上海市,嘉定区,工业区,泾河村,121.240101,31.406017
上海市,嘉定区,工业区,战斗村,121.240955,31.427738
上海市,嘉定区,工业区,娄东村,121.238697,31.44057
上海市,嘉定区,工业区,殷周村,121.190138,31.424349
上海市,嘉定区,工业区,潘戴村,121.186634,31.404062
上海市,嘉定区,工业区,人民村,121.259894,30.848586
上海市,嘉定区,工业区,雨化村,121.18405,31.429061
上海市,嘉定区,工业区,虬桥村,121.239461,31.359881
上海市,嘉定区,工业区,朱家桥村,121.209653,30.648416
上海市,浦东新区,川沙镇,湾镇村,121.737194,31.161495
上海市,浦东新区,川沙镇,新浜村,121.746675,31.130272
上海市,浦东新区,川沙镇,杜尹村,121.75318,31.16745
上海市,浦东新区,川沙镇,储店村,121.740371,31.143527
上海市,浦东新区,川沙镇,纯新村,121.708426,31.146519
上海市,浦东新区,川沙镇,吴店村,121.840774,30.98233
上海市,浦东新区,川沙镇,七灶村,121.720864,31.144025
上海市,浦东新区,川沙镇,牌楼村,121.565578,31.059148
上海市,浦东新区,川沙镇,八灶村,121.724142,31.162124
上海市,浦东新区,川沙镇,长桥村,121.74214,31.153105
上海市,浦东新区,川沙镇,金家村,121.686756,31.160154
上海市,浦东新区,川沙镇,新春村,121.485071,31.129238
上海市,浦东新区,川沙镇,陈行村,121.719625,31.172006
上海市,浦东新区,川沙镇,棋杆村,121.665406,31.165885
上海市,浦东新区,川沙镇,赵行村,121.658392,31.134349
上海市,浦东新区,川沙镇,南高桥村,121.711611,31.187285
上海市,浦东新区,川沙镇,高桥村,121.826346,30.922277
上海市,浦东新区,川沙镇,对面村,121.691241,31.20547
上海市,浦东新区,川沙镇,大洪村,121.744011,31.192045
上海市,浦东新区,川沙镇,和平村,121.736251,31.205558
上海市,浦东新区,川沙镇,太平村,121.766819,31.224991
上海市,浦东新区,川沙镇,华路村,121.742779,31.200137
上海市,浦东新区,川沙镇,虹桥村,121.716855,31.181657
上海市,浦东新区,川沙镇,长丰村,121.678999,31.190286
上海市,浦东新区,川沙镇,柴场村,121.732664,31.186754
上海市,浦东新区,川沙镇,城南村,121.747588,31.029326
上海市,浦东新区,川沙镇,黄楼村,121.670267,31.168147
上海市,浦东新区,川沙镇,民利村,121.738588,31.183832
上海市,浦东新区,川沙镇,界龙村,121.690719,31.181017
上海市,浦东新区,川沙镇,栏杆村,121.672902,31.179777
上海市,浦东新区,川沙镇,民义村,121.705068,31.134324
上海市,浦东新区,川沙镇,鹿溪村,121.702793,31.12468
上海市,浦东新区,川沙镇,汤店村,121.729967,31.130642
上海市,浦东新区,川沙镇,其成村,121.692091,31.120093
上海市,浦东新区,川沙镇,杜坊村,121.70292,31.178249
上海市,浦东新区,川沙镇,七星村,121.692403,31.129073
上海市,浦东新区,川沙镇,陈桥村,121.56268,31.180178
上海市,浦东新区,川沙镇,连民村,121.691012,31.096251
上海市,浦东新区,川沙镇,果园村,121.73744,30.983665
上海市,浦东新区,北蔡镇,杨桥村,121.570645,31.190981
上海市,浦东新区,川沙镇,会龙村,121.720019,31.100736
上海市,浦东新区,川沙镇,新吉村,121.725028,31.116747
上海市,浦东新区,北蔡镇,中界村,121.574174,31.195446
上海市,浦东新区,北蔡镇,联勤村,121.557186,31.173231
上海市,浦东新区,北蔡镇,五星村,121.578365,31.179988
上海市,浦东新区,合庆镇,向东村,121.750009,31.241907
上海市,浦东新区,北蔡镇,一六村,121.595058,31.166374
上海市,浦东新区,合庆镇,庆星村,121.725707,31.240436
上海市,浦东新区,合庆镇,庆丰村,121.72372,31.247052
上海市,浦东新区,北蔡镇,卫行村,121.587201,31.166665
上海市,浦东新区,合庆镇,永红村,121.716092,31.240841
上海市,浦东新区,合庆镇,东风村,121.7057,31.232451
上海市,浦东新区,合庆镇,跃丰村,121.715041,31.230563
上海市,浦东新区,合庆镇,共一村,121.716408,31.258992
上海市,浦东新区,合庆镇,建光村,121.753729,31.218351
上海市,浦东新区,合庆镇,奚家村,121.717944,31.25362
上海市,浦东新区,合庆镇,海塘村,121.765365,31.218435
上海市,浦东新区,合庆镇,直属村,121.760273,31.223561
上海市,浦东新区,合庆镇,春雷村,121.744053,31.225539
上海市,浦东新区,合庆镇,友谊村,121.747213,31.231569
上海市,浦东新区,合庆镇,青四村,121.743696,31.234054
上海市,浦东新区,合庆镇,大星村,121.728211,31.227971
上海市,浦东新区,合庆镇,勤益村,121.71681,31.215195
上海市,浦东新区,合庆镇,益民村,121.712265,31.223874
上海市,浦东新区,合庆镇,青三村,121.728966,31.232326
上海市,浦东新区,合庆镇,跃进村,121.716805,31.215273
上海市,浦东新区,合庆镇,华星村,121.721645,31.206376
上海市,浦东新区,合庆镇,勤俭村,121.730627,31.209777
上海市,浦东新区,合庆镇,营房村,121.742081,31.216227
上海市,浦东新区,合庆镇,红星村,121.704479,31.240961
上海市,浦东新区,合庆镇,蔡路村,121.737464,31.219746
上海市,浦东新区,合庆镇,勤昌村,121.741875,31.221199
上海市,浦东新区,曹路镇,新星村,121.708279,31.261839
上海市,浦东新区,曹路镇,星火村,121.708318,31.261823
上海市,浦东新区,曹路镇,永丰村,121.698187,31.262039
上海市,浦东新区,曹路镇,永和村,121.702054,31.270097
上海市,浦东新区,曹路镇,前锋村,121.704839,31.27663
上海市,浦东新区,曹路镇,永利村,121.702059,31.270195
上海市,浦东新区,曹路镇,启明村,121.699186,31.284123
上海市,浦东新区,曹路镇,迅建村,121.699225,31.284091
上海市,浦东新区,曹路镇,曙光村,121.677741,31.282796
上海市,浦东新区,曹路镇,直一村,121.685376,31.270101
上海市,浦东新区,曹路镇,直二村,121.688114,31.264182
上海市,浦东新区,曹路镇,日新村,121.677472,31.270007
上海市,浦东新区,曹路镇,新光村,121.666333,31.266371
上海市,浦东新区,曹路镇,五四村,121.658063,31.259351
上海市,浦东新区,曹路镇,共新村,121.657952,31.259301
上海市,浦东新区,曹路镇,联合村,121.681655,31.303733
上海市,浦东新区,曹路镇,东海村,121.67787,31.307055
上海市,浦东新区,曹路镇,兴东村,121.682651,31.301106
上海市,浦东新区,曹路镇,民建村,121.667799,31.28225
上海市,浦东新区,曹路镇,光耀村,121.667958,31.282357
上海市,浦东新区,曹路镇,永乐村,121.647815,31.277677
上海市,浦东新区,唐镇,虹一村,121.678444,31.237922
上海市,浦东新区,曹路镇,群乐村,121.687229,31.289895
上海市,浦东新区,唐镇,虹三村,121.679577,31.259966
上海市,浦东新区,唐镇,新虹村,121.655034,31.248713
上海市,浦东新区,曹路镇,新华村,121.668067,31.270945
上海市,浦东新区,唐镇,虹四村,121.66187,31.246576
上海市,浦东新区,唐镇,一心村,121.688849,31.250039
上海市,浦东新区,唐镇,小湾村,121.696077,31.23979
上海市,浦东新区,唐镇,暮二村,121.682574,31.224492
上海市,浦东新区,张江镇,环东村,121.664768,31.192803
上海市,浦东新区,唐镇,虹二村,121.661875,31.246619
上海市,浦东新区,唐镇,暮一村,121.695576,31.223069
上海市,浦东新区,张江镇,秦镇村,121.62113,31.187063
上海市,浦东新区,张江镇,新丰村,121.655689,31.167614
上海市,浦东新区,张江镇,劳动村,121.635002,31.185504
上海市,浦东新区,张江镇,中心村,121.664787,31.192715
上海市,浦东新区,张江镇,沔北村,121.63755,31.173265
上海市,浦东新区,张江镇,长元村,121.647006,31.172397
上海市,浦东新区,张江镇,韩荡村,121.614699,31.163103
上海市,浦东新区,张江镇,钱堂村,121.614688,31.163187
上海市,浦东新区,三林镇,懿德村,121.522823,31.124974
上海市,浦东新区,三林镇,金光村,121.526093,31.136167
上海市,浦东新区,三林镇,南阜村,121.526168,31.136052
上海市,浦东新区,周浦镇,姚桥村,121.604918,31.120352
上海市,浦东新区,周浦镇,周南村,121.589971,31.11192
上海市,浦东新区,周浦镇,牛桥村,121.605709,31.107148
上海市,浦东新区,周浦镇,沈西村,121.572072,31.096648
上海市,浦东新区,三林镇,天花庵村,121.53194,31.128536
上海市,浦东新区,周浦镇,里仁村,121.575105,31.113851
上海市,浦东新区,周浦镇,瓦南村,121.659544,31.104781
上海市,浦东新区,周浦镇,棋杆村,121.665406,31.165885
上海市,浦东新区,周浦镇,界浜村,121.658642,31.120402
上海市,浦东新区,周浦镇,北庄村,121.66392,31.100196
上海市,浦东新区,周浦镇,红桥村,121.639952,31.10811
上海市,浦东新区,航头镇,果园村,121.642442,31.025361
上海市,浦东新区,航头镇,鹤鸣村,121.600562,31.0502
上海市,浦东新区,航头镇,海桥村,121.617063,31.016068
上海市,浦东新区,航头镇,福善村,121.618556,31.031977
上海市,浦东新区,航头镇,丰桥村,121.599385,31.018896
上海市,浦东新区,航头镇,航东村,121.607737,31.032148
上海市,浦东新区,航头镇,鹤东村,121.608795,31.060369
上海市,浦东新区,航头镇,沉香村,121.598551,31.073154
上海市,浦东新区,航头镇,梅园村,121.593285,31.058803
上海市,浦东新区,航头镇,沈庄村,121.589115,31.085041
上海市,浦东新区,航头镇,长达村,121.575007,31.035705
上海市,浦东新区,航头镇,王楼村,121.624151,31.074255
上海市,浦东新区,航头镇,牌楼村,121.565578,31.059148
上海市,浦东新区,新场镇,王桥村,121.669132,31.024678
上海市,浦东新区,新场镇,新卫村,121.647615,31.044083
上海市,浦东新区,新场镇,果园村,121.642442,31.025361
上海市,浦东新区,新场镇,金建村,121.671689,31.036791
上海市,浦东新区,新场镇,众安村,121.656745,31.003943
上海市,浦东新区,新场镇,新南村,121.651759,31.007952
上海市,浦东新区,新场镇,坦西村,121.653311,31.091888
上海市,浦东新区,新场镇,新场村,121.651507,31.025181
上海市,浦东新区,新场镇,仁义村,121.647293,31.064315
上海市,浦东新区,新场镇,坦东村,121.669152,31.076905
上海市,浦东新区,新场镇,蒋桥村,121.667276,31.054321
上海市,浦东新区,宣桥镇,新安村,121.68776,31.029332
上海市,浦东新区,新场镇,祝桥村,121.680871,31.074329
上海市,浦东新区,宣桥镇,中心村,121.706496,31.012113
上海市,浦东新区,宣桥镇,陆桥村,121.720691,31.005506
上海市,浦东新区,宣桥镇,张家桥村,121.693208,31.043286
上海市,浦东新区,宣桥镇,长春村,121.706461,31.011839
上海市,浦东新区,宣桥镇,项埭村,121.71448,31.053705
上海市,浦东新区,宣桥镇,光辉村,121.718709,31.069858
上海市,浦东新区,宣桥镇,季桥村,121.698,31.064372
上海市,浦东新区,宣桥镇,光明村,121.728426,31.077007
上海市,浦东新区,宣桥镇,三灶村,121.712526,31.075054
上海市,浦东新区,祝桥镇,亭中村,121.778744,31.103036
上海市,浦东新区,祝桥镇,三八村,121.763625,31.114777
上海市,浦东新区,祝桥镇,祝东村,121.780511,31.132837
上海市,浦东新区,祝桥镇,金星村,121.779087,31.11922
上海市,浦东新区,祝桥镇,卫民村,121.747808,31.104011
上海市,浦东新区,祝桥镇,星光村,121.755201,31.125544
上海市,浦东新区,祝桥镇,明星村,121.774271,31.132466
上海市,浦东新区,祝桥镇,星火村,121.708318,31.261823
上海市,浦东新区,祝桥镇,祝西村,121.757782,31.111643
上海市,浦东新区,祝桥镇,红星村,121.704479,31.240961
上海市,浦东新区,祝桥镇,立新村,121.763918,31.177472
上海市,浦东新区,祝桥镇,高永村,121.798395,31.080036
上海市,浦东新区,祝桥镇,新东村,121.821264,31.094542
上海市,浦东新区,祝桥镇,义泓村,121.843813,31.081964
上海市,浦东新区,祝桥镇,红三村,121.800615,31.09109
上海市,浦东新区,祝桥镇,新如村,121.813605,31.082749
上海市,浦东新区,祝桥镇,先进村,121.810009,31.103828
上海市,浦东新区,祝桥镇,薛洪村,121.821758,31.100515
上海市,浦东新区,祝桥镇,营前村,121.754401,31.195509
上海市,浦东新区,祝桥镇,新营村,121.745222,31.20177
上海市,浦东新区,祝桥镇,红旗村,121.760313,31.174451
上海市,浦东新区,祝桥镇,大沟村,121.764966,31.178388
上海市,浦东新区,祝桥镇,军民村,121.748545,31.17345
上海市,浦东新区,祝桥镇,森林村,121.752434,31.209181
上海市,浦东新区,祝桥镇,新和村,121.780647,31.186061
上海市,浦东新区,祝桥镇,卫东村,121.762228,31.182343
上海市,浦东新区,祝桥镇,东滨村,121.772537,31.208655
上海市,浦东新区,祝桥镇,道新村,121.7663,31.168597
上海市,浦东新区,祝桥镇,共和村,121.740164,31.176598
上海市,浦东新区,祝桥镇,小圩村,121.7732,31.188158
上海市,浦东新区,祝桥镇,亭东村,121.761922,31.190807
上海市,浦东新区,祝桥镇,陈胡村,121.775554,31.200086
上海市,浦东新区,祝桥镇,新生村,121.749244,31.180113
上海市,浦东新区,祝桥镇,邓二村,121.76796,31.147182
上海市,浦东新区,祝桥镇,邓一村,121.758021,31.141656
上海市,浦东新区,祝桥镇,望三村,121.772328,31.159316
上海市,浦东新区,祝桥镇,邓三村,121.76702,31.140693
上海市,浦东新区,祝桥镇,中圩村,121.789701,31.069113
上海市,浦东新区,惠南镇,城北村,121.753555,31.061711
上海市,浦东新区,惠南镇,东征村,121.756092,31.053614
上海市,浦东新区,惠南镇,长江村,121.812546,31.056097
上海市,浦东新区,惠南镇,红光村,121.779501,31.069318
上海市,浦东新区,惠南镇,海沈村,121.804622,31.032342
上海市,浦东新区,惠南镇,黄路村,121.771169,31.036297
上海市,浦东新区,惠南镇,惠东村,121.783072,31.046321
上海市,浦东新区,惠南镇,陆路村,121.798384,31.061126
上海市,浦东新区,惠南镇,六灶湾村,121.772763,31.020636
上海市,浦东新区,惠南镇,陆楼村,121.77126,31.080426
上海市,浦东新区,惠南镇,明光村,121.785712,31.058353
上海市,浦东新区,惠南镇,桥北村,121.806711,31.022963
上海市,浦东新区,惠南镇,民乐村,121.740501,31.070192
上海市,浦东新区,惠南镇,勤丰村,121.774607,31.053376
上海市,浦东新区,惠南镇,双店村,121.823465,31.00501
上海市,浦东新区,惠南镇,四墩村,121.783682,31.020767
上海市,浦东新区,惠南镇,同治村,121.803541,31.005604
上海市,浦东新区,惠南镇,团结村,121.783774,31.027237
上海市,浦东新区,惠南镇,塘路村,121.797202,31.067993
上海市,浦东新区,惠南镇,幸福村,121.780863,31.032128
上海市,浦东新区,惠南镇,西门村,121.748019,31.060394
上海市,浦东新区,惠南镇,英雄村,121.759685,31.03412
上海市,浦东新区,惠南镇,城南村,121.747588,31.029326
上海市,浦东新区,惠南镇,永乐村,121.762238,31.081002
上海市,浦东新区,惠南镇,远东村,121.810048,31.046363
上海市,浦东新区,惠南镇,灶路村,121.784931,31.053751
上海市,浦东新区,惠南镇,汇南村,121.748981,31.04139
上海市,浦东新区,惠南镇,陶桥村,121.726798,31.044191
上海市,浦东新区,惠南镇,徐庙村,121.721203,31.036219
上海市,浦东新区,大团镇,车站村,121.765887,30.977901
上海市,浦东新区,大团镇,金石村,121.788426,30.962744
上海市,浦东新区,大团镇,海潮村,121.771539,30.966606
上海市,浦东新区,大团镇,镇南村,121.75854,30.965737
上海市,浦东新区,大团镇,赵桥村,121.745572,30.994066
上海市,浦东新区,大团镇,果园村,121.73744,30.983665
上海市,浦东新区,大团镇,邵宅村,121.777968,30.953168
上海市,浦东新区,大团镇,金桥村,121.803319,30.991851
上海市,浦东新区,大团镇,团西村,121.739632,30.97441
上海市,浦东新区,大团镇,园艺村,121.763258,30.985654
上海市,浦东新区,大团镇,金园村,121.786466,30.988646
上海市,浦东新区,大团镇,龙树村,121.768259,30.994329
上海市,浦东新区,大团镇,扶栏村,121.758402,31.000753
上海市,浦东新区,大团镇,周埠村,121.775603,31.002877
上海市,浦东新区,大团镇,邵村,121.739635,31.013977
上海市,浦东新区,大团镇,团新村,121.759757,31.020847
上海市,浦东新区,泥城镇,横港村,121.854114,30.916208
上海市,浦东新区,泥城镇,人民村,121.830184,30.913514
上海市,浦东新区,泥城镇,公平村,121.830412,30.934587
上海市,浦东新区,泥城镇,海关村,121.806925,30.944922
上海市,浦东新区,泥城镇,龙港村,121.86634,30.911525
上海市,浦东新区,泥城镇,彭庙村,121.796903,30.901953
上海市,浦东新区,泥城镇,永盛村,121.80008,30.913057
上海市,浦东新区,泥城镇,马厂村,121.808689,30.939368
上海市,浦东新区,泥城镇,中泐村,121.794642,30.922018
上海市,浦东新区,泥城镇,杭园村,121.80013,30.912941
上海市,浦东新区,书院镇,路南村,121.859091,30.962918
上海市,浦东新区,书院镇,新北村,121.866274,30.945495
上海市,浦东新区,泥城镇,新泐村,121.804505,30.901051
上海市,浦东新区,书院镇,李雪村,121.863653,30.939144
上海市,浦东新区,书院镇,外灶村,121.876087,30.956059
上海市,浦东新区,书院镇,桃园村,121.87327,30.98872
上海市,浦东新区,书院镇,余姚村,121.847726,30.986275
上海市,浦东新区,书院镇,棉场村,121.857753,30.983792
上海市,浦东新区,万祥镇,万隆村,121.813402,30.966824
上海市,浦东新区,万祥镇,万兴村,121.822521,30.958879
上海市,浦东新区,万祥镇,新建村,121.844815,30.965617
上海市,浦东新区,万祥镇,万宏村,121.819247,30.976757
上海市,浦东新区,万祥镇,新路村,121.839407,30.979778
上海市,浦东新区,万祥镇,新振村,121.838837,30.949054
上海市,浦东新区,万祥镇,金路村,121.816175,30.985624
上海市,浦东新区,老港镇,建港村,121.848,31.036518
上海市,浦东新区,老港镇,成日村,121.831647,31.068763
上海市,浦东新区,老港镇,牛肚村,121.835494,31.058899
上海市,浦东新区,老港镇,中港村,121.850268,31.047318
上海市,浦东新区,老港镇,东河村,121.860352,31.022495
上海市,浦东新区,老港镇,大河村,121.853449,31.022799
上海市,金山区,朱泾镇,民主村,121.176489,30.888878
上海市,浦东新区,老港镇,欣河村,121.833767,31.027842
上海市,金山区,朱泾镇,万联村,121.149095,30.902969
上海市,金山区,朱泾镇,新泾村,121.152204,30.887573
上海市,金山区,朱泾镇,大茫村,121.159539,30.866623
上海市,金山区,朱泾镇,慧农村,121.224673,30.886903
上海市,金山区,枫泾镇,新春村,120.999635,30.902754
上海市,金山区,朱泾镇,五龙村,121.21359,30.860878
上海市,金山区,枫泾镇,新义村,121.035567,30.858396
上海市,金山区,枫泾镇,俞汇村,121.012102,30.910702
上海市,金山区,枫泾镇,中洪村,121.011943,30.930125
上海市,金山区,枫泾镇,长征村,121.076764,30.906478
上海市,金山区,枫泾镇,农兴村,121.030898,30.900151
上海市,金山区,枫泾镇,盛新村,121.062708,30.883521
上海市,金山区,枫泾镇,菖梧村,121.018291,30.855916
上海市,金山区,枫泾镇,新黎村,121.08141,30.868947
上海市,金山区,枫泾镇,卫星村,121.094213,30.894977
上海市,金山区,枫泾镇,新华村,121.032632,30.879519
上海市,金山区,枫泾镇,韩坞村,121.111754,30.919833
上海市,金山区,枫泾镇,兴塔村,121.066498,30.872922
上海市,金山区,枫泾镇,五一村,121.094617,30.886899
上海市,金山区,张堰镇,旧港村,121.328018,30.789229
上海市,金山区,张堰镇,桑园村,121.316888,30.799486
上海市,金山区,张堰镇,秦山村,121.288752,30.80232
上海市,金山区,张堰镇,六里村,121.305731,30.787159
上海市,金山区,张堰镇,建农村,121.299618,30.7834
上海市,金山区,亭林镇,龙泉村,121.357781,30.897147
上海市,金山区,张堰镇,秦阳村,121.279863,30.789305
上海市,金山区,亭林镇,东新村,121.329478,30.885328
上海市,金山区,亭林镇,亭东村,121.345376,30.890349
上海市,金山区,亭林镇,亭西村,121.304622,30.884982
上海市,金山区,亭林镇,油车村,121.298858,30.85819
上海市,金山区,亭林镇,新巷村,121.311576,30.855964
上海市,金山区,亭林镇,红阳村,121.331223,30.903633
上海市,金山区,亭林镇,南星村,121.246847,30.895798
上海市,金山区,吕巷镇,太平村,121.206668,30.851618
上海市,金山区,吕巷镇,荡田村,121.197558,30.834943
上海市,金山区,吕巷镇,姚家村,121.177794,30.859208
上海市,金山区,吕巷镇,蔷薇村,121.161342,30.841567
上海市,金山区,吕巷镇,夹漏村,121.138213,30.848437
上海市,金山区,吕巷镇,马新村,121.172308,30.840524
上海市,金山区,山阳镇,杨家村,121.339362,30.747137
上海市,金山区,山阳镇,向阳村,121.369207,30.769684
上海市,金山区,山阳镇,东方村,121.36159,30.752712
上海市,金山区,山阳镇,长兴村,121.348252,30.791041
上海市,金山区,山阳镇,华新村,121.369572,30.79205
上海市,金山区,金山卫镇,八一村,121.309548,30.73226
上海市,金山区,山阳镇,中兴村,121.345386,30.780289
上海市,金山区,金山卫镇,永久村,121.291287,30.716375
上海市,金山区,金山卫镇,永联村,121.278519,30.741077
上海市,金山区,金山卫镇,八二村,121.312853,30.726668
上海市,金山区,金山卫镇,卫通村,121.320732,30.771866
上海市,金山区,金山卫镇,塔港村,121.243792,30.786646
上海市,金山区,金山卫镇,卫城村,121.325017,30.730526
上海市,金山区,金山卫镇,农建村,121.320676,30.758652
上海市,金山区,金山卫镇,横召村,121.259569,30.769589
上海市,金山区,金山卫镇,金卫村,121.329721,30.73491
上海市,金山区,漕泾镇,东海村,121.416385,30.798546
上海市,金山区,金山卫镇,八字村,121.283308,30.770783
上海市,金山区,漕泾镇,金光村,121.396752,30.803094
上海市,金山区,漕泾镇,护塘村,121.387312,30.799442
上海市,金山区,漕泾镇,营房村,121.421098,30.802511
上海市,金山区,漕泾镇,增丰村,121.407732,30.773819
上海市,金山区,漕泾镇,蒋庄村,121.36543,30.813806
上海市,金山区,工业区,欢兴村,121.385507,30.856341
上海市,金山区,工业区,红光村,121.366987,30.853743
上海市,金山区,漕泾镇,海渔村,121.426395,30.789942
上海市,金山区,工业区,新街村,121.344244,30.801801
上海市,金山区,工业区,立新村,121.360198,30.86888
上海市,金山区,工业区,高楼村,121.332517,30.87857
上海市,金山区,工业区,胥浦村,121.307607,30.83427
上海市,金山区,廊下镇,山塘村,121.170702,30.781921
上海市,金山区,廊下镇,景阳村,121.193443,30.791073
上海市,金山区,廊下镇,万春村,121.229243,30.794109
上海市,金山区,廊下镇,勇敢村,121.202175,30.803886
上海市,金山区,廊下镇,南陆村,121.182746,30.814438
上海市,金山区,廊下镇,友好村,121.15994,30.814969
上海市,金山区,廊下镇,中丰村,121.137098,30.792363
上海市,金山区,廊下镇,中华村,121.152276,30.795473
上海市,金山区,廊下镇,中民村,121.148241,30.807444
上海市,金山区,廊下镇,中联村,121.146398,30.8202
上海市,金山区,廊下镇,光明村,121.234547,30.811132
上海市,金山区,廊下镇,南塘村,121.186214,30.828133
上海市,松江区,九亭镇,庄家村,121.326858,31.137603
上海市,松江区,九亭镇,金吴村,121.314193,31.115471
上海市,松江区,新桥镇,春申居委会,121.369931,31.0873
上海市,松江区,新桥镇,潘家浜居委会,121.339717,31.077427
上海市,松江区,九亭镇,朱龙村,121.323455,31.124664
上海市,松江区,新桥镇,新东苑居委会,121.333833,31.075292
上海市,松江区,新桥镇,马汤居委会,121.321693,31.065788
上海市,松江区,泖港镇,焦家村,121.241739,30.94043
上海市,松江区,泖港镇,新建村,121.24133,30.950214
上海市,松江区,泖港镇,胡光村,121.178929,30.936592
上海市,松江区,泖港镇,黄桥村,121.179149,30.951093
上海市,松江区,泖港镇,茹塘村,121.116209,30.938388
上海市,松江区,泖港镇,兴旺村,121.137024,30.953686
上海市,松江区,泖港镇,腰泾村,121.186594,30.935031
上海市,松江区,泖港镇,范家村,121.196488,30.95033
上海市,松江区,泖港镇,新龚村,121.220312,30.933384
上海市,松江区,叶榭镇,同建村,121.327084,30.925659
上海市,松江区,泖港镇,田黄村,121.155609,30.943604
上海市,松江区,叶榭镇,堰泾村,121.336286,30.969455
上海市,松江区,叶榭镇,兴达村,121.341095,30.955143
上海市,松江区,叶榭镇,金家村,121.279032,30.930099
上海市,松江区,叶榭镇,团结村,121.321201,30.953181
上海市,松江区,石湖荡镇,新姚村,121.137638,30.995119
上海市,松江区,石湖荡镇,东夏村,121.141643,30.979463
上海市,松江区,新浜镇,新浜村,121.073665,30.931023
上海市,松江区,石湖荡镇,新源村,121.122734,30.98128
上海市,松江区,新浜镇,许家草村,121.058735,30.941929
上海市,松江区,新浜镇,林建村,121.046428,30.93977
上海市,松江区,新浜镇,陈堵村,121.048633,30.920909
上海市,松江区,新浜镇,赵王村,121.057307,30.920447
上海市,松江区,新浜镇,香塘村,121.094822,30.921983
上海市,松江区,新浜镇,胡家埭,121.098122,30.941568
上海市,松江区,新浜镇,文华村,121.110483,30.942835
上海市,松江区,新浜镇,鲁星村,121.097285,30.959841
上海市,松江区,新浜镇,黄家埭,121.072782,30.949608
上海市,青浦区,朱家角镇,周荡村,121.064543,31.154689
上海市,松江区,新浜镇,南杨村,121.058817,30.954031
上海市,青浦区,朱家角镇,横江村,121.070011,31.123184
上海市,青浦区,朱家角镇,先锋村,121.056842,31.066672
上海市,青浦区,朱家角镇,山海桥村,121.070366,31.146029
上海市,青浦区,朱家角镇,沈巷村,121.067247,31.081288
上海市,青浦区,朱家角镇,安庄村,121.03287,31.076665
上海市,青浦区,朱家角镇,张马村,121.091342,31.049204
上海市,青浦区,朱家角镇,新胜村,121.099335,31.082576
上海市,青浦区,朱家角镇,建新村,121.108326,31.068624
上海市,青浦区,朱家角镇,李庄村,121.08619,31.054294
上海市,青浦区,朱家角镇,王金村,121.121454,31.077215
上海市,青浦区,朱家角镇,张巷村,121.072825,31.082387
上海市,青浦区,朱家角镇,林家村,121.086884,31.095625
上海市,青浦区,徐泾镇,金云村,121.277713,31.150563
上海市,青浦区,徐泾镇,陆家角村,121.253062,31.183639
上海市,青浦区,徐泾镇,前明村,121.27093,31.161796
上海市,青浦区,徐泾镇,迮庵村,121.264971,31.178851
上海市,青浦区,徐泾镇,联民村,121.270599,31.166464
上海市,青浦区,徐泾镇,宅东村,121.296491,31.176607
上海市,青浦区,徐泾镇,蟠龙村,121.282,31.194771
上海市,青浦区,赵巷镇,新镇居委,121.047119,30.750254
上海市,青浦区,徐泾镇,金联村,121.267252,31.196311
上海市,青浦区,赵巷镇,崧泽村,121.172842,31.147825
上海市,青浦区,赵巷镇,和睦村,121.2463,31.163478
上海市,青浦区,赵巷镇,方夏村,121.221991,31.154849
上海市,青浦区,白鹤镇,胜新村,121.178477,31.127001
上海市,青浦区,华新镇,马阳村,121.205652,31.254045
上海市,青浦区,华新镇,淮海村,121.209846,31.244871
上海市,青浦区,华新镇,陆象村,121.229891,31.253577
上海市,青浦区,华新镇,凌家村,121.241491,31.251453
上海市,青浦区,华新镇,华益村,121.244985,31.258013
上海市,青浦区,华新镇,新谊村,121.23309,31.231531
上海市,青浦区,华新镇,秀龙村,121.258567,31.232411
上海市,青浦区,华新镇,坚强村,121.239103,31.195774
上海市,青浦区,华新镇,北新村,121.245111,31.218567
上海市,青浦区,华新镇,郏店村,121.19324,31.183728
上海市,松江区,新桥镇,场西居委会,121.347211,31.09028
上海市,青浦区,重固镇,回龙村,121.176696,31.216075
上海市,青浦区,重固镇,中新村,121.196722,31.221401
上海市,青浦区,重固镇,郏店村,121.19324,31.183728
上海市,青浦区,重固镇,新丰村,121.181853,31.233416
上海市,青浦区,重固镇,章堰村,121.166659,31.223819
上海市,青浦区,白鹤镇,塘湾村,121.17499,31.252199
上海市,青浦区,白鹤镇,金巷村,121.149703,31.264801
上海市,青浦区,白鹤镇,朱浦村,121.137782,31.271161
上海市,青浦区,白鹤镇,杜村村,121.119956,31.234224
上海市,青浦区,重固镇,新姚村,121.557878,30.744484
上海市,青浦区,白鹤镇,青龙村,121.183233,31.245574
上海市,青浦区,白鹤镇,新江村,121.122552,31.288102
上海市,青浦区,白鹤镇,赵屯村,121.086175,31.267413
上海市,青浦区,白鹤镇,沈联村,121.142653,31.244722
上海市,青浦区,白鹤镇,五里村,121.096604,31.274959
上海市,青浦区,白鹤镇,响新村,121.117319,31.261963
上海市,青浦区,白鹤镇,江南村,121.075854,31.257219
上海市,青浦区,白鹤镇,万狮村,121.094636,31.293393
上海市,青浦区,练塘镇,金姚村,121.557878,30.744484
上海市,青浦区,白鹤镇,太平村,121.076578,31.234711
上海市,青浦区,金泽镇,金姚村,120.928508,31.069602
上海市,青浦区,金泽镇,徐李村,120.937512,31.02686
上海市,青浦区,金泽镇,新池村,120.919445,31.025426
上海市,青浦区,金泽镇,西岑村,120.967505,31.077552
上海市,青浦区,金泽镇,淀湖村,120.951503,31.079105
上海市,青浦区,金泽镇,岑卜村,120.949015,31.06539
上海市,青浦区,金泽镇,三塘村,120.972649,31.089272
上海市,青浦区,金泽镇,河祝村,120.997842,31.085405
上海市,青浦区,金泽镇,育田村,120.973205,31.071534
上海市,青浦区,金泽镇,任屯村,120.980452,31.051985
上海市,青浦区,金泽镇,田山庄村,120.961301,31.057935
上海市,青浦区,金泽镇,钱盛村,120.990281,31.030522
上海市,青浦区,金泽镇,新港村,121.036627,31.065302
上海市,青浦区,金泽镇,莲湖村,121.009105,31.064915
上海市,青浦区,金泽镇,爱国村,121.00837,31.046458
上海市,青浦区,金泽镇,淀西村,120.936304,31.132059
上海市,青浦区,金泽镇,南新村,120.881118,31.113143
上海市,青浦区,金泽镇,王港村,120.91575,31.125431
上海市,青浦区,金泽镇,双祥村,120.897858,31.13039
上海市,青浦区,金泽镇,沙港村,120.886904,31.125318
上海市,青浦区,香花桥街道,东方村,121.076838,31.223673
上海市,青浦区,香花桥街道,大联村,121.087834,31.228627
上海市,青浦区,香花桥街道,新桥村,121.098595,31.216659
上海市,青浦区,香花桥街道,爱星村,121.103155,31.223195
上海市,青浦区,香花桥街道,泾阳村,121.142632,31.217585
上海市,青浦区,香花桥街道,贺桥村,121.110838,31.16786
上海市,青浦区,盈浦街道,贺桥村,121.110838,31.16786
上海市,青浦区,盈浦街道,南横村,121.094791,31.143631
上海市,青浦区,盈浦街道,天恩桥村,121.086745,31.160706
上海市,青浦区,盈浦街道,南厍村,121.08545,31.183202
上海市,青浦区,夏阳街道,塔湾村,121.122946,31.140713
上海市,青浦区,夏阳街道,塘郁村,121.132089,31.133331
上海市,青浦区,夏阳街道,新阳村,121.166134,31.115811
上海市,青浦区,夏阳街道,金家村,121.119983,31.127889
上海市,青浦区,夏阳街道,枫泾村,121.141939,31.120941
上海市,青浦区,夏阳街道,太来村,121.111002,31.119856
上海市,青浦区,夏阳街道,王仙村,121.15263,31.110975
上海市,奉贤区,南桥镇,六墩村,121.47948,30.904232
上海市,奉贤区,南桥镇,沈陆村,121.459975,30.900886
上海市,奉贤区,南桥镇,曙光村,121.497491,30.909941
上海市,奉贤区,南桥镇,江海村,121.439114,30.896221
上海市,奉贤区,南桥镇,华严村,121.433082,30.926697
上海市,奉贤区,南桥镇,张翁庙村,121.451065,30.940636
上海市,奉贤区,南桥镇,杨王村,121.507928,30.901671
上海市,奉贤区,南桥镇,庙泾村,121.502017,30.926089
上海市,奉贤区,南桥镇,光明村,121.511689,30.922036
上海市,奉贤区,奉浦社区,树园村,121.475942,30.929975
上海市,奉贤区,奉浦社区,九华村,121.473936,30.925199
上海市,奉贤区,奉浦社区,公谊村,121.453013,30.937398
上海市,奉贤区,奉浦社区,程河浜村,121.452741,30.969463
上海市,奉贤区,奉浦社区,肖塘村,121.452741,30.969463
上海市,奉贤区,庄行镇,吕桥村,121.400021,30.916456
上海市,奉贤区,庄行镇,新华村,121.391479,30.905698
上海市,奉贤区,奉浦社区,韩村村,121.453013,30.937398
上海市,奉贤区,庄行镇,长浜村,121.372871,30.914304
上海市,奉贤区,庄行镇,长堤村,121.415894,30.901848
上海市,奉贤区,庄行镇,东风村,121.39978,30.900521
上海市,奉贤区,庄行镇,潘垫村,121.404244,30.881535
上海市,奉贤区,金汇镇,陈家村,121.501021,30.962042
上海市,奉贤区,庄行镇,芦泾村,121.398674,30.925682
上海市,奉贤区,金汇镇,新强村,121.531607,30.980934
上海市,奉贤区,庄行镇,杨楼村,121.367333,30.90567
上海市,奉贤区,金汇镇,光辉村,121.566696,30.995599
上海市,奉贤区,金汇镇,明星村,121.547547,30.990383
上海市,奉贤区,金汇镇,北丁村,121.575825,30.963209
上海市,奉贤区,金汇镇,南陈村,121.554163,30.974137
上海市,奉贤区,金汇镇,梁典村,121.604562,30.969573
上海市,奉贤区,金汇镇,梅园村,121.603551,30.996276
上海市,奉贤区,金汇镇,资福村,121.610007,30.972357
上海市,奉贤区,金汇镇,周家村,121.605391,30.993286
上海市,奉贤区,金汇镇,墩头村,121.623289,30.986375
上海市,奉贤区,金汇镇,南行村,121.516792,30.979601
上海市,奉贤区,金汇镇,龙潭村,121.50148,30.944743
上海市,奉贤区,金汇镇,齐贤村,121.512736,30.95302
上海市,奉贤区,金汇镇,陈谊村,121.472353,30.968579
上海市,奉贤区,金汇镇,石家村,121.507937,30.934337
上海市,奉贤区,金汇镇,三长村,121.498355,30.950732
上海市,奉贤区,金汇镇,韩树村,121.483003,30.942994
上海市,奉贤区,金汇镇,金星村,121.512632,30.99433
上海市,奉贤区,金汇镇,百曲村,121.524346,30.963754
上海市,奉贤区,金汇镇,乐善村,121.581965,30.9785
上海市,奉贤区,奉城镇,高桥村,121.638075,30.920797
上海市,奉贤区,金汇镇,行前村,121.531614,30.941395
上海市,奉贤区,金汇镇,白沙村,121.534133,30.950717
上海市,奉贤区,奉城镇,陈桥村,121.619831,30.93217
上海市,奉贤区,奉城镇,八字村,121.647853,30.942316
上海市,奉贤区,奉城镇,东门村,121.666241,30.920938
上海市,奉贤区,奉城镇,久茂村,121.665787,30.897174
上海市,奉贤区,奉城镇,城东村,121.661587,30.920143
上海市,奉贤区,奉城镇,路口村,121.623074,30.940186
上海市,奉贤区,奉城镇,北门村,121.651275,30.931349
上海市,奉贤区,奉城镇,奉城村,121.651091,30.922265
上海市,奉贤区,奉城镇,白衣聚村,121.669543,30.928848
上海市,奉贤区,奉城镇,洪庙村,121.683529,30.935466
上海市,奉贤区,奉城镇,洪南村,121.680494,30.928234
上海市,奉贤区,奉城镇,洪东村,121.697168,30.945204
上海市,奉贤区,奉城镇,洪西村,121.677749,30.933187
上海市,奉贤区,奉城镇,朱新村,121.695624,30.909921
上海市,奉贤区,奉城镇,永民村,121.653385,30.901675
上海市,奉贤区,奉城镇,协新村,121.677326,30.905005
上海市,奉贤区,奉城镇,镇北村,121.69132,30.908859
上海市,奉贤区,奉城镇,护民村,121.64218,30.897583
上海市,奉贤区,奉城镇,集贤村,121.704101,30.921615
上海市,奉贤区,奉城镇,大门村,121.617125,30.899777
上海市,奉贤区,奉城镇,卫季村,121.612329,30.910019
上海市,奉贤区,奉城镇,朱墩村,121.603615,30.903935
上海市,奉贤区,奉城镇,陆家桥,121.553631,30.873938
上海市,奉贤区,奉城镇,盐行村,121.596972,30.896184
上海市,奉贤区,奉城镇,红旗村,121.648181,30.947756
上海市,奉贤区,奉城镇,幸福村,121.659855,30.939681
上海市,奉贤区,奉城镇,冯家村,121.647386,30.961264
上海市,奉贤区,奉城镇,戴家村,121.660048,30.953053
上海市,奉贤区,奉城镇,分水墩,121.668785,30.957849
上海市,奉贤区,奉城镇,二桥村,121.660489,30.964796
上海市,奉贤区,奉城镇,南宋村,121.670059,30.968331
上海市,奉贤区,奉城镇,东新市,121.658073,30.983282
上海市,奉贤区,奉城镇,蔡家桥,121.6512,30.980229
上海市,奉贤区,奉城镇,北宋村,121.679018,30.983283
上海市,奉贤区,四团镇,新桥村,121.731778,30.958513
上海市,奉贤区,四团镇,四团村,121.718678,30.947455
上海市,奉贤区,四团镇,十村村,121.729742,30.944573
上海市,奉贤区,四团镇,大桥村,121.718327,30.961794
上海市,奉贤区,四团镇,长堰村,121.695588,30.959837
上海市,奉贤区,四团镇,渔墩村,121.745255,30.952764
上海市,奉贤区,四团镇,三坎村,121.733311,30.93543
上海市,奉贤区,四团镇,夏家村,121.730899,30.971624
上海市,奉贤区,四团镇,团南村,121.723588,30.946527
上海市,奉贤区,四团镇,小荡村,121.710487,30.983694
上海市,奉贤区,四团镇,渔洋村,121.758536,30.931257
上海市,奉贤区,四团镇,杨家宅村,121.768407,30.917619
上海市,奉贤区,四团镇,镇西村,121.719137,30.953109
上海市,奉贤区,四团镇,龙尖村,121.737502,30.904997
上海市,奉贤区,四团镇,横桥村,121.782536,30.926493
上海市,奉贤区,四团镇,向阳村,121.741264,30.927547
上海市,奉贤区,四团镇,五四村,121.726154,30.917461
上海市,奉贤区,海港开发区,邵靴村,121.77657,30.901705
上海市,奉贤区,海港开发区,红庄村,121.73215,30.903602
上海市,奉贤区,海港开发区,平南村,121.750412,30.895083
上海市,奉贤区,海港开发区,民福村,121.713306,30.89562
上海市,奉贤区,海港开发区,农展村,121.708811,30.90949
上海市,奉贤区,柘林镇,临海村,121.426192,30.836489
上海市,奉贤区,柘林镇,华亭村,121.48325,30.856386
上海市,奉贤区,柘林镇,营房村,121.502395,30.840543
上海市,奉贤区,柘林镇,冯桥村,121.477034,30.827442
上海市,奉贤区,柘林镇,夹路村,121.507328,30.840464
上海市,奉贤区,柘林镇,目华小区,121.476168,30.834753
上海市,奉贤区,柘林镇,柘林村,121.492811,30.845397
上海市,奉贤区,柘林镇,渔业村,121.490152,30.836342
上海市,奉贤区,柘林镇,海畔家园,121.474472,30.831851
上海市,奉贤区,柘林镇,金海村,121.507953,30.877571
上海市,奉贤区,柘林镇,新寺村,121.465198,30.868475
上海市,奉贤区,柘林镇,新塘村,121.48318,30.880303
上海市,奉贤区,柘林镇,海湾村,121.516656,30.863077
上海市,奉贤区,柘林镇,南胜村,121.491874,30.867073
上海市,奉贤区,柘林镇,法华村,121.431607,30.875138
上海市,奉贤区,柘林镇,三桥村,121.446066,30.862761
上海市,奉贤区,柘林镇,兴园村,121.397234,30.841588
上海市,奉贤区,柘林镇,迎龙村,121.42246,30.855124
上海市,奉贤区,柘林镇,王家圩,121.400371,30.854195
上海市,奉贤区,柘林镇,胡桥村,121.438731,30.843034
上海市,奉贤区,青村镇,李窑村,121.59936,30.922675
上海市,奉贤区,青村镇,姚家村,121.585978,30.923134
上海市,奉贤区,青村镇,北唐村,121.581861,30.934366
上海市,奉贤区,青村镇,西吴村,121.587533,30.946816
上海市,奉贤区,青村镇,钟家村,121.569765,30.927286
上海市,奉贤区,青村镇,朱店村,121.560655,30.925925
上海市,奉贤区,青村镇,和中村,121.558747,30.940928
上海市,奉贤区,青村镇,陶宅村,121.55859,30.954423
上海市,奉贤区,青村镇,岳和村,121.5764,30.937369
上海市,奉贤区,青村镇,工农村,121.543057,30.917962
上海市,奉贤区,青村镇,湾张村,121.536684,30.926285
上海市,奉贤区,青村镇,张弄村,121.528976,30.913316
上海市,奉贤区,青村镇,钱忠村,121.553199,30.888231
上海市,奉贤区,青村镇,解放村,121.531744,30.908972
上海市,奉贤区,青村镇,元通村,121.555229,30.900536
上海市,奉贤区,青村镇,金王村,121.546846,30.884246
上海市,奉贤区,青村镇,花角村,121.526916,30.880351
上海市,奉贤区,青村镇,吴房村,121.541649,30.898482
上海市,奉贤区,青村镇,桃园村,121.575195,30.881881
上海市,奉贤区,青村镇,南星村,121.550963,30.873107
上海市,奉贤区,青村镇,新张村,121.537434,30.883182
上海市,奉贤区,青村镇,申隆一村,121.583363,30.894392
上海市,奉贤区,青村镇,申隆二村,121.571612,30.894991
上海市,浦东新区,唐镇,吕三村,121.648444,31.222081
上海市,奉贤区,青村镇,石海村,121.53213,30.871369
上海市,浦东新区,唐镇,唐四村,121.667689,31.22102
上海市,浦东新区,唐镇,民丰村,121.648616,31.214213
上海市,浦东新区,唐镇,前进村,121.648552,31.214167
上海市,浦东新区,唐镇,机口村,121.667764,31.221193
上海市,浦东新区,唐镇,大众村,121.609519,31.206677
上海市,浦东新区,唐镇,唐镇村,121.657245,31.205159
上海市,浦东新区,康桥镇,沔青村,121.643439,31.156403
上海市,浦东新区,唐镇,新镇村,121.648515,31.221847
上海市,浦东新区,康桥镇,石门村,121.641376,31.136738
上海市,浦东新区,康桥镇,火箭村,121.614989,31.145129
上海市,浦东新区,康桥镇,怡园村,121.624074,31.12386
上海市,浦东新区,康桥镇,沿南村,121.60562,31.138642
上海市,浦东新区,康桥镇,人南村,121.633576,31.145293
上海市,浦东新区,康桥镇,人西村,121.63465,31.151015
上海市,浦东新区,康桥镇,汤巷村,121.610594,31.144565
上海市,浦东新区,康桥镇,叠桥村,121.622829,31.13385
上海市,浦东新区,康桥镇,新苗村,121.643903,31.127716
上海市,浦东新区,康桥镇,沿北村,121.608679,31.145197
上海市,浦东新区,康桥镇,太平村,121.560022,31.129384
上海市,浦东新区,宣桥镇,宣桥村,121.706114,31.024736
上海市,浦东新区,宣桥镇,腰路村,121.700609,31.080771
